"Order ID","Order Date","Seller","Base Currency","Shipping","Insurance","Add Chrg 1","Add Chrg 2","Credit","Coupon Credit","Order Total","Tax","Base Grand Total","Total Lots","Total Items","Order Status","Order Status Changed","Pmt In","Pmt Method","Order Note","Tracking No","Location","Batch","Batch Date","Condition","Item Description","Qty","Each","Total","Item Type","Item Number","Weight","Inv ID","Sub-Condition"

"29188811","8/25/2025","Ctbyrne","USD","","","","","","","$128.12","$0.00","$128.12","2","30","Shipped","8/25/2025","USD","Credit/Debit (Powered by Stripe)","","9400150105501128641601","USA, Pennsylvania","","","","","","","","","","","","","","",
"","","","","","","","","","","","","","","","","","","","","","","1","8/25/2025","New","Wu Sensei - 10th Anniversary Golden Ninja Unassembled.","15","$8.382","$125.73","Minifigure","njo0658","3.6","250355840",""
"","","","","","","","","","","","","","","","","","","","","","","1","8/25/2025","New","Pearl Gold Bar   6L with Stop Ring ","15","$0.159","$2.385","Part","63965","0.44","141216862",""
"29179116","8/23/2025","Lego_Buff","USD","$5.00","","","","","","$120.00","$0.00","$125.00","1","15","Shipped","8/24/2025","USD","PayPal","","9400150105501125687022","USA, Virginia","","","","","","","","","","","","","","",
"","","","","","","","","","","","","","","","","","","","","","","1","8/23/2025","New","Clone Trooper Commander &#40;Phase 1&#41; - Bright Light Orange Arms, Nougat Head Includes blaster!","15","$8.00","$120.00","Minifigure","sw1146","4","490745762",""
"29163344","8/22/2025","MRBrickDesigner","USD","$4.45","","","","","","$30.44","$0.00","$34.89","10","237","Received","8/29/2025","USD","PayPal","","9400150206217241280860","USA, Colorado","","","","","","","","","","","","","","",
"","","","","","","","","","","","","","","","","","","","","","","1","8/22/2025","New","Black Brick, Round  1 x 1 ","11","$0.06","$0.66","Part","3062","0.28","195735749",""
"","","","","","","","","","","","","","","","","","","","","","","1","8/22/2025","New","Black Minifigure, Utensil Camera Handheld Style with Extended Bar Handle ","20","$0.10","$2.00","Part","30089b","0.44","96844966",""
"","","","","","","","","","","","","","","","","","","","","","","1","8/22/2025","New","Black Minifigure, Weapon Gun, Blaster SW Small with Scope ","10","$0.15","$1.50","Part","92738","0.23","434126581",""
"","","","","","","","","","","","","","","","","","","","","","","1","8/22/2025","New","Light Bluish Gray Brick, Round 2 x 2 Dome Top ","18","$0.06","$1.08","Part","553","0.83","340220240",""
"","","","","","","","","","","","","","","","","","","","","","","1","8/22/2025","New","Light Bluish Gray Minifigure, Utensil Tool Sledgehammer &#40;Mjolnir, Hammer&#41; ","14","$0.20","$2.80","Part","75904","0.64","467686697",""
"","","","","","","","","","","","","","","","","","","","","","","1","8/22/2025","New","Metallic Silver Minifigure, Weapon Lightsaber Hilt Straight ","110","$0.16","$17.60","Part","64567","0.19","453040852",""
"","","","","","","","","","","","","","","","","","","","","","","1","8/22/2025","New","Trans-Clear Plate, Round 1 x 1 with Bar Handle &#40;Undetermined Type&#41; ","14","$0.09","$1.26","Part","25893u","0.15","101476268",""
"","","","","","","","","","","","","","","","","","","","","","","1","8/22/2025","New","Trans-Clear Slope 30 1 x 1 x 2/3 ","20","$0.04","$0.80","Part","54200","0.21","466067447",""
"","","","","","","","","","","","","","","","","","","","","","","1","8/22/2025","New","Trans-Light Blue Bar   4L &#40;Lightsaber Blade / Wand&#41; ","10","$0.084","$0.84","Part","30374","0.3","103724410",""
"","","","","","","","","","","","","","","","","","","","","","","1","8/22/2025","New","Trans-Red Bar   4L &#40;Lightsaber Blade / Wand&#41; ","10","$0.19","$1.90","Part","30374","0.3","246605544",""
"29163338","8/22/2025","Brixalotl","USD","$5.20","","","","","","$45.51","$0.00","$50.71","15","241","Shipped","8/25/2025","USD","PayPal","","9400136106194315066351","USA, Pennsylvania","","","","","","","","","","","","","","",
"","","","","","","","","","","","","","","","","","","","","","","1","8/22/2025","New","Black Bar   1L with Clip Mechanical Claw - Cut Edges and Hole on Side ","10","$0.04","$0.40","Part","48729b","0.17","450078491",""
"","","","","","","","","","","","","","","","","","","","","","","1","8/22/2025","New","Black Plate 1 x 2 ","20","$0.05","$1.00","Part","3023","0.36","483348180",""
"","","","","","","","","","","","","","","","","","","","","","","1","8/22/2025","New","Dark Bluish Gray Minifigure, Weapon Sword Pixelated &#40;Minecraft&#41; ","14","$0.46","$6.44","Part","18787","0.33","390640350",""
"","","","","","","","","","","","","","","","","","","","","","","1","8/22/2025","New","Dark Brown Minifigure, Weapon Lightsaber Hilt Straight ","10","$0.09","$0.90","Part","64567","0.19","471112518",""
"","","","","","","","","","","","","","","","","","","","","","","1","8/22/2025","New","Flat Silver Minifigure, Weapon Pike / Spear - Handle with Flat End ","10","$0.18","$1.80","Part","93789","0.4","445069526",""
"","","","","","","","","","","","","","","","","","","","","","","1","8/22/2025","New","Light Bluish Gray Dish 2 x 2 Inverted (Radar) ","18","$0.04","$0.72","Part","4740","0.28","452462911",""
"","","","","","","","","","","","","","","","","","","","","","","1","8/22/2025","New","Light Bluish Gray Tile, Round 1 x 1 with Bar and Pin Holder ","18","$0.06","$1.08","Part","20482","0.16","229212110",""
"","","","","","","","","","","","","","","","","","","","","","","1","8/22/2025","New","Pearl Gold Minifigure, Weapon Sword, Shamshir / Katana &#40;Square Guard&#41; with Capped Pommel and Holes in Crossguard and Blade ","16","$0.11","$1.76","Part","21459","0.21","163840530",""
"","","","","","","","","","","","","","","","","","","","","","","1","8/22/2025","New","Reddish Brown Minifigure, Utensil Bag Messenger Pouch ","19","$0.27","$5.13","Part","61976","0.25","486676022",""
"","","","","","","","","","","","","","","","","","","","","","","1","8/22/2025","New","Sand Blue Hips  and Legs Plain ","20","$0.65","$13.00","Part","970c00","1.18","480403699",""
"","","","","","","","","","","","","","","","","","","","","","","1","8/22/2025","New","Trans-Clear Plate, Round 2 x 2 with Rounded Bottom (Boat Stud) ","18","$0.04","$0.72","Part","2654","0.45","255334481",""
"","","","","","","","","","","","","","","","","","","","","","","1","8/22/2025","New","Trans-Clear Tile, Round 1 x 1 ","20","$0.03","$0.60","Part","98138","0.11","442509657",""
"","","","","","","","","","","","","","","","","","","","","","","1","8/22/2025","New","Trans-Light Blue Plate, Round 1 x 1 with Open Stud ","14","$0.04","$0.56","Part","85861","0.1","469714387",""
"","","","","","","","","","","","","","","","","","","","","","","1","8/22/2025","New","Trans-Light Blue Wave Angular Single with Bar End &#40;Lightning Bolt&#41; ","14","$0.10","$1.40","Part","27256","0.2","159233315",""
"","","","","","","","","","","","","","","","","","","","","","","1","8/22/2025","New","Yellow Minifigure, Head Dual Sided Female Reddish Brown Eyebrows, Nougat Freckles and Lips, Small Smirk / Left Eye Squinted Pattern ","20","$0.50","$10.00","Part","3626pb2145","0.55","177978730",""
"29163334","8/22/2025","HicksBricks","USD","$4.27","","$1.00","","","","$26.50","$0.00","$31.77","1","9","Shipped","8/26/2025","USD","PayPal","","9400150206217249366481","USA, Minnesota","","","","","","","","","","","","","","",
"","","","","","","","","","","","","","","","","","","","","","","1","8/22/2025","New","Albus Dumbledore - Dark Red Robe, Light Bluish Gray Hair ","9","$2.9441","$26.4969","Minifigure","hp147","4.2","182569460",""
"29163330","8/22/2025","bw2023","USD","$11.95","","","","","","$35.70","$0.00","$47.65","1","10","Shipped","8/25/2025","USD","PayPal (Onsite)","","9400150105501128743879","USA, Indiana","","","","","","","","","","","","","","",
"","","","","","","","","","","","","","","","","","","","","","","1","8/22/2025","New","Astromech Droid, R2-D2 - Flat Silver Head, Lavender Dots and Small Receptor ","10","$3.57","$35.70","Minifigure","sw0527a","5","444774766",""
"29163324","8/22/2025","apl2021","USD","$5.86","","","","","","$51.33","$0.00","$57.19","1","11","Shipped","8/24/2025","USD","PayPal (Onsite)","","9400136106194313899760","USA, Massachusetts","","","","","","","","","","","","","","",
"","","","","","","","","","","","","","","","","","","","","","","1","8/22/2025","New","The Mandalorian / Din Djarin / 'Mando' - Silver Beskar Armor, Cape ","11","$4.6665","$51.3315","Minifigure","sw1135","3.78","312372011",""
"29163291","8/22/2025","bricklabtx","USD","$5.99","","","","","","$64.91","$0.00","$70.90","1","10","Shipped","8/23/2025","USD","PayPal (Onsite)","","9400150105501125436651","USA, Texas","","","","","","","","","","","","","","",
"","","","","","","","","","","","","","","","","","","","","","","1","8/22/2025","New","Darth Vader - Printed Arms, Traditional Starched Fabric Cape, White Head with Frown ","10","$6.4913","$64.913","Minifigure","sw1273","4","489014581",""
"29163285","8/22/2025","BrickheadzBuyer","USD","$4.65","","","","","","$39.03","$0.00","$43.68","1","14","Received","8/29/2025","USD","PayPal (Onsite)","","9400136106194311739846","USA, Missouri","","","","","","","","","","","","","","",
"","","","","","","","","","","","","","","","","","","","","","","1","8/22/2025","New","Wither Skeleton - Straight Arms ","14","$2.788","$39.032","Minifigure","min025","2.67","463242941",""
"29163280","8/22/2025","ManyMiniBricks","USD","$5.95","","","","","","$17.67","$0.00","$23.62","1","9","Shipped","8/22/2025","USD","PayPal (Onsite)","","9400150105501124770497","USA, Maryland","","","","","","","","","","","","","","",
"","","","","","","","","","","","","","","","","","","","","","","1","8/22/2025","New","Olaf - Micro Doll, Medium Blue Mouth ","9","$1.9635","$17.6715","Minifigure","dp185","2.06","419721936",""
"29163272","8/22/2025","ZigsBrickStore","USD","$5.49","","$0.50","","","","$22.38","$0.00","$28.37","1","9","Received","8/28/2025","USD","Credit/Debit (Powered by Stripe)","","9400136106194311828809","USA, Michigan","","","","","","","","","","","","","","",
"","","","","","","","","","","","","","","","","","","","","","","1","8/22/2025","New","Olaf - Micro Doll, Medium Blue Mouth ","9","$2.4864","$22.3776","Minifigure","dp185","2.06","398297887",""
"29163267","8/22/2025","bigasbricks","USD","$5.00","","","","","","$55.30","$0.00","$60.30","1","14","Received","8/28/2025","USD","PayPal (Onsite)","","9400150105501124892212","USA, Michigan","","","","","","","","","","","","","","",
"","","","","","","","","","","","","","","","","","","","","","","1","8/22/2025","New","Thor - Spongy Cape, Pearl Dark Gray Legs ","14","$3.95","$55.30","Minifigure","sh0623","3.77","198870134",""
"29163263","8/22/2025","marvriel","USD","$3.99","","","","","","$27.00","$0.00","$30.99","1","20","Received","8/28/2025","USD","Credit/Debit (Powered by Stripe)","","9214490342232506217651","Canada, Ontario","","","","","","","","","","","","","","",
"","","","","","","","","","","","","","","","","","","","","","","1","8/22/2025","New","White Body Snowman with Black Buttons Pattern, Reddish Brown Arms with Hands ","20","$1.35","$27.00","Part","62373pb02c01","1.36","374444468",""
"29163200","8/22/2025","Zixx","USD","$4.36","","$1.00","","","","$55.10","$0.00","$60.46","1","19","Received","8/28/2025","USD","PayPal","","9400150206217241211376","USA, California","","","","","","","","","","","","","","",
"","","","","","","","","","","","","","","","","","","","","","","1","8/22/2025","New","Kai - Legacy, Rebooted Robe ","19","$2.90","$55.10","Minifigure","njo0630","4.06","258873182",""
"29163176","8/22/2025","MartCobra","USD","$4.60","","","","","","$111.50","$0.00","$116.10","2","49","Received","8/28/2025","USD","PayPal (Onsite)","","9400150105501124815914","USA, Texas","","","","","","","","","","","","","","",
"","","","","","","","","","","","","","","","","","","","","","","1","8/22/2025","New","Baby - White Body with Yellow Hands, Head with Neck Comes with light aqua bottle Item No: 18855","40","$2.00","$80.00","Minifigure","njo0446","0.68","487109295",""
"","","","","","","","","","","","","","","","","","","","","","","1","8/22/2025","New","C-3PO - Colorful Wires, Printed Legs ","9","$3.50","$31.50","Minifigure","sw0700","3","487960982",""
"29162852","8/21/2025","ABCbuilds","USD","$5.50","","","","","","$31.50","$0.00","$37.00","1","9","Received","8/28/2025","USD","PayPal","","9400150206217244670484","USA, Oregon","","","","","","","","","","","","","","",
"","","","","","","","","","","","","","","","","","","","","","","1","8/21/2025","New","Albus Dumbledore - Dark Red Robe, Light Bluish Gray Hair ","9","$3.50","$31.50","Minifigure","hp147","4.2","477597846",""
"29162848","8/21/2025","connie","USD","$5.00","","","","","","$55.73","$0.00","$60.73","4","53","Received","8/28/2025","USD","PayPal","","9400150105794017125645","USA, Minnesota","","","","","","","","","","","","","","",
"","","","","","","","","","","","","","","","","","","","","","","1","8/21/2025","New","Black Brick, Round  1 x 1 ","9","$0.05","$0.45","Part","3062","0.28","448105932",""
"","","","","","","","","","","","","","","","","","","","","","","1","8/21/2025","New","Dark Brown Minifigure, Hair Female Ponytail Long French Braided ","20","$1.25","$25.00","Part","88286","0.81","102234476",""
"","","","","","","","","","","","","","","","","","","","","","","1","8/21/2025","New","Dark Tan Minifigure, Utensil Wand, 2 on Sprue ","4","$0.07","$0.28","Part","36752","0.24","447423470",""
"","","","","","","","","","","","","","","","","","","","","","","1","8/21/2025","New","Medium Nougat Torso Female Jacket Open with 3 Buttons over Sand Blue Shirt, Yellow Neck Pattern / Medium Nougat Arms / Yellow Hands ","20","$1.50","$30.00","Part","973pb3164c01","1.31","175778818",""
"29032347","8/6/2025","Ctbyrne","USD","","","","","","","$102.49","$0.00","$102.49","2","24","Received","8/28/2025","USD","PayPal (Onsite)","","9400150206217222870332","USA, Pennsylvania","","","","","","","","","","","","","","",
"","","","","","","","","","","","","","","","","","","","","","","1","8/6/2025","New","Wu Sensei - 10th Anniversary Golden Ninja Unassembled.","12","$8.382","$100.584","Minifigure","njo0658","3.6","250355840",""
"","","","","","","","","","","","","","","","","","","","","","","1","8/6/2025","New","Pearl Gold Bar   6L with Stop Ring ","12","$0.159","$1.908","Part","63965","0.44","141216862",""
"28977749","7/30/2025","jporvek","USD","$5.85","","","","","","$11.85","$0.00","$17.70","1","3","Received","8/28/2025","USD","PayPal (Onsite)","","9400130109355088618313","USA, Alabama","","","","","","","","","","","","","","",
"","","","","","","","","","","","","","","","","","","","","","","1","7/30/2025","New","Darth Vader - Printed Arms, Traditional Starched Fabric Cape, White Head with Frown Never assembled. Includes lightsaber and boxed cape.","3","$3.95","$11.85","Minifigure","sw1273","4.25","483189507",""
"28971535","7/30/2025","MWin30","USD","$7.90","","","","","","$34.99","$0.00","$42.89","1","10","Completed","8/6/2025","USD","Credit/Debit (Powered by Stripe)","","9400 1301 0935 5088 4882 68","USA, Michigan","","","","","","","","","","","","","","",
"","","","","","","","","","","","","","","","","","","","","","","1","7/30/2025","New","Astromech Droid, R2-D2 - Flat Silver Head, Lavender Dots and Small Receptor Figure is in new condition, comes in separate bag and ships disassembled","10","$3.499","$34.99","Minifigure","sw0527a","5","485116312",""
"28971329","7/30/2025","MartCobra","USD","$5.66","","","","","","$134.90","$0.00","$140.56","2","20","Received","8/28/2025","USD","PayPal (Onsite)","","9400150206217210433488","USA, Texas","","","","","","","","","","","","","","",
"","","","","","","","","","","","","","","","","","","","","","","1","7/30/2025","New","Yoda - Olive Green, Open Robe with Large Creases, Neck Bracket Comes with green lightsaber","10","$9.99","$99.90","Minifigure","sw0471","3.25","381150119",""
"","","","","","","","","","","","","","","","","","","","","","","2","7/30/2025","New","C-3PO - Colorful Wires, Printed Legs ","10","$3.50","$35.00","Minifigure","sw0700","3","487960982",""
"28971405","7/30/2025","MWin30","USD","$7.90","","","","","","$28.18","$0.00","$36.08","1","5","Completed","8/6/2025","USD","Credit/Debit (Powered by Stripe)","","","USA, Michigan","","","","","","","","","","","","","","",
"","","","","","","","","","","","","","","","","","","","","","","1","7/30/2025","New","Luke Skywalker &#40;Tatooine, White Legs, Stern / Smile Face Print&#41; Figure is in new condition, comes in separate bag and ships disassembled","5","$5.635","$28.175","Minifigure","sw0778","3.5","485116313",""
"28789019","7/7/2025","Dhomal","USD","$5.75","","","","","","$40.26","$0.00","$46.01","2","27","Completed","7/23/2025","USD","PayPal (Onsite)","","","USA, New York","","","","","","","","","","","","","","",
"","","","","","","","","","","","","","","","","","","","","","","1","7/7/2025","New","Nougat Minifigure, Head Black Eyebrows, Upper Eyelids, Dark Orange Cheek Lines and Chin Dimple, Stern Pattern ","15","$1.284","$19.26","Part","3626pb2651","0.55","483811593",""
"","","","","","","","","","","","","","","","","","","","","","","1","7/7/2025","New","White Minifigure, Head, Modified Olaf with Hole on Top with Molded Medium Blue Mouth and Nose and Printed Black Raised Eyebrows and Eyes with  Glints to Right Pattern ","12","$1.75","$21.00","Part","77333pb01","1.27","483811592",""
"28789010","7/7/2025","Audi","USD","$3.95","","$1.00","","","","$34.35","$0.00","$39.30","2","115","Completed","7/23/2025","USD","PayPal (Onsite)","","9400150206217165118348","USA, Michigan","","","","","","","","","","","","","","",
"","","","","","","","","","","","","","","","","","","","","","","1","7/7/2025","New","Black Wheel Skateboard / Trolley ","100","$0.03","$3.00","Part","2496","0.3","473958930",""
"","","","","","","","","","","","","","","","","","","","","","","1","7/7/2025","New","White Hips and Legs with SW Clone Trooper and Black and Light Bluish Gray Markings and Knee Pads Pattern ","15","$2.09","$31.35","Part","970c00pb1283","1.19","419534746",""
"28724472","6/29/2025","ZigsBrickStore","USD","$5.49","","$0.50","","","","$15.98","$0.00","$21.97","1","8","Completed","7/23/2025","USD","Credit/Debit (Powered by Stripe)","","9400136106193368034768","USA, Michigan","","","","","","","","","","","","","","",
"","","","","","","","","","","","","","","","","","","","","","","1","6/29/2025","New","White Torso SW Armor Clone Trooper Commander Black Belt and 4 Bright Light Orange Dots Pattern / Bright Light Orange Arms / Black Hands ","8","$1.998","$15.984","Part","973pb4501c01","1.25","373488248",""
"28724463","6/29/2025","tonkaahote","USD","$5.00","","","","","","$7.13","$0.00","$12.13","1","12","Completed","7/5/2025","USD","PayPal (Onsite)","","9400136106193367393033","USA, Illinois","","","","","","","","","","","","","","",
"","","","","","","","","","","","","","","","","","","","","","","1","6/29/2025","New","White Minifigure, Head, Modified Olaf with Hole on Top with Molded Medium Blue Mouth and Nose and Printed Black Raised Eyebrows and Eyes with  Glints to Right Pattern ","12","$0.594","$7.128","Part","77333pb01","1.27","420392567",""
"28724449","6/29/2025","Thatbricklady","USD","$5.00","","","","","","$3.32","$0.00","$8.32","1","50","Completed","7/5/2025","USD","PayPal (Onsite)","","9400150105501036974440","USA, Colorado","","","","","","","","","","","","","","",
"","","","","","","","","","","","","","","","","","","","","","","1","6/29/2025","New","Blue Bracket 3 x 2 - 2 x 2 Inverted &#40;Space Seat&#41; ","50","$0.0663","$3.315","Part","4598","1.87","349485638",""
"28724446","6/29/2025","RusH711Bricks","USD","$5.00","","","","","","$35.00","$0.00","$40.00","1","14","Completed","7/11/2025","USD","PayPal (Onsite)","","9400150105501033831012","USA, California","","","","","","","","","","","","","","",
"","","","","","","","","","","","","","","","","","","","","","","1","6/29/2025","New","White Minifigure, Headgear Helmet SW Clone Trooper with Holes, Bright Light Orange Markings and Black Visor Pattern &#40;Clone Trooper Commander&#41; ","14","$2.50","$35.00","Part","61189pb18","0.66","332106660",""
"28724444","6/29/2025","POPS_BLOCK_SHOP","USD","$5.50","","","","","","$15.57","$0.00","$21.07","4","127","Completed","7/5/2025","USD","PayPal (Onsite)","Minor scratches on blue pieces","9400136106193367040944","USA, Michigan","","","","","","","","","","","","","","",
"","","","","","","","","","","","","","","","","","","","","","","1","6/29/2025","New","Blue Plate, Modified 1 x 2 with Bar Handle on Side - Closed Ends ","50","$0.0255","$1.275","Part","48336","0.54","231548431",""
"","","","","","","","","","","","","","","","","","","","","","","1","6/29/2025","New","Blue Slope 30 1 x 2 x 2/3 ","48","$0.0425","$2.04","Part","85984","0.35","366409943",""
"","","","","","","","","","","","","","","","","","","","","","","1","6/29/2025","New","Reddish Brown Plant Flower Stem with Bar and 3 Stems Short ","23","$0.034","$0.782","Part","68211","0.08","462868161",""
"","","","","","","","","","","","","","","","","","","","","","","1","6/29/2025","New","White Torso SW Armor Clone Trooper Commander Black Belt and 4 Bright Light Orange Dots Pattern / Bright Light Orange Arms / Black Hands ","6","$1.9125","$11.475","Part","973pb4501c01","1.25","387788237",""
"28724427","6/29/2025","BigLittleBricks","USD","$5.99","","","","","","$36.57","$0.00","$42.56","5","127","Completed","7/5/2025","USD","PayPal (Onsite)","","9400136106193367670134","USA, Maryland","","","","","","","","","","","","","","",
"","","","","","","","","","","","","","","","","","","","","","","1","6/29/2025","New","Baby - White Body with Yellow Hands, Head with Neck ","10","$2.99","$29.90","Minifigure","njo0446","3","482594432",""
"","","","","","","","","","","","","","","","","","","","","","","1","6/29/2025","New","Black Minifigure, Weapon Gun, Blaster SW Standard ","14","$0.3101","$4.3414","Part","58247","0.34","473234837",""
"","","","","","","","","","","","","","","","","","","","","","","1","6/29/2025","New","Blue Slope 30 1 x 1 x 2/3 ","100","$0.0228","$2.28","Part","54200","0.21","478089032",""
"","","","","","","","","","","","","","","","","","","","","","","1","6/29/2025","New","Blue Slope 30 1 x 2 x 2/3 ","2","$0.0153","$0.0306","Part","85984","0.35","229413815",""
"","","","","","","","","","","","","","","","","","","","","","","1","6/29/2025","New","Reddish Brown Plant Flower Stem with Bar and 3 Stems Short ","1","$0.0224","$0.0224","Part","68211","0.08","475331741",""
"28724417","6/29/2025","Audi","USD","$4.25","","$1.00","","","","$34.26","$0.00","$39.51","3","214","Completed","7/23/2025","USD","PayPal (Onsite)","Package was broken open and missing two batches of legos.","9400150206217149334986","USA, Michigan","","","","","","","","","","","","","","",
"","","","","","","","","","","","","","","","","","","","","","","1","6/29/2025","New","Black Wheel Skateboard / Trolley ","100","$0.03","$3.00","Part","2496","0.3","473958930",""
"","","","","","","","","","","","","","","","","","","","","","","1","6/29/2025","New","Light Bluish Gray Plate, Round 2 x 2 Thin with Wheel Holder ","100","$0.02","$2.00","Part","2655","0.43","473958931",""
"","","","","","","","","","","","","","","","","","","","","","","1","6/29/2025","New","White Hips and Legs with SW Clone Trooper and Black and Light Bluish Gray Markings and Knee Pads Pattern ","14","$2.09","$29.26","Part","970c00pb1283","1.19","419534746",""
"28724410","6/29/2025","marvriel","USD","$3.99","","","","","","$34.80","$0.00","$38.79","3","48","Completed","7/5/2025","USD","Credit/Debit (Powered by Stripe)","","9214490342232502711122","Canada, Ontario","","","","","","","","","","","","","","",
"","","","","","","","","","","","","","","","","","","","","","","1","6/29/2025","New","Orange Horn, Unicorn / Spiral ","6","$0.10","$0.60","Part","89522","0.1","374442097",""
"","","","","","","","","","","","","","","","","","","","","","","1","6/29/2025","New","Orange Horn, Unicorn / Spiral ","18","$0.10","$1.80","Part","89522","0.1","374444381",""
"","","","","","","","","","","","","","","","","","","","","","","1","6/29/2025","New","White Body Snowman with Black Buttons Pattern, Reddish Brown Arms with Hands ","24","$1.35","$32.40","Part","62373pb02c01","1.36","374444468",""
"28632495","6/18/2025","Shiny_Stuff","USD","$5.60","","","","","","$7.20","$0.00","$12.80","1","10","Completed","6/27/2025","USD","PayPal (Onsite)","","9400136106193355062101","USA, New York","","","","","","","","","","","","","","",
"","","","","","","","","","","","","","","","","","","","","","","1","6/18/2025","New","Dark Brown Minifigure, Hair Female Ponytail Long French Braided ","10","$0.72","$7.20","Part","88286","0.81","375574902",""
"28632485","6/18/2025","romax1989","USD","$4.99","","","","","","$33.51","$0.00","$38.50","6","54","Completed","6/27/2025","USD","PayPal (Onsite)","A lot of the clear plastic pieces were a little yellowed","","USA, Texas","","","","","","","","","","","","","","",
"","","","","","","","","","","","","","","","","","","","","","","1","6/18/2025","New","Albus Dumbledore - Dark Red Robe, Light Bluish Gray Hair comes from a smoke free house","8","$3.702","$29.616","Minifigure","hp147","4.2","193695588",""
"","","","","","","","","","","","","","","","","","","","","","","1","6/18/2025","New","Reddish Brown Minifigure, Utensil Bag Messenger Pouch comes from a smoke free house","3","$0.2415","$0.7245","Part","61976","0.25","343911432",""
"","","","","","","","","","","","","","","","","","","","","","","1","6/18/2025","New","Sand Blue Hips  and Legs Plain comes from a smoke free house","3","$0.5348","$1.6044","Part","970c00","1.18","374445765",""
"","","","","","","","","","","","","","","","","","","","","","","1","6/18/2025","New","Trans-Clear Plate, Round 1 x 1 with Bar Handle &#40;Undetermined Type&#41; comes from a smoke free house","10","$0.0858","$0.858","Part","25893u","0.15","165565215",""
"","","","","","","","","","","","","","","","","","","","","","","1","6/18/2025","New","Trans-Clear Plate, Round 2 x 2 with Rounded Bottom (Boat Stud) comes from a smoke free house","10","$0.0252","$0.252","Part","2654","0.45","151178887",""
"","","","","","","","","","","","","","","","","","","","","","","1","6/18/2025","New","Trans-Clear Tile, Round 1 x 1 comes from a smoke free house","20","$0.0228","$0.456","Part","98138","0.11","200125660",""
"28632481","6/18/2025","sirbird_zero","USD","$5.85","","","","","","$6.23","$0.00","$12.08","2","9","Completed","6/27/2025","USD","PayPal (Onsite)","","","USA, Tennessee","","","","","","","","","","","","","","",
"","","","","","","","","","","","","","","","","","","","","","","1","6/18/2025","New","Golden Minifigure Key Chain &#40;Chrome Gold&#41; brand new paper has ben taken of other wize never used.","1","$5.99","$5.99","Gear","852688","11","457725313",""
"","","","","","","","","","","","","","","","","","","","","","","1","6/18/2025","New","Trans-Light Blue Plate, Round 1 x 1 with Open Stud ","8","$0.03","$0.24","Part","85861","0.1","461115919",""
"28632477","6/18/2025","ModernoBricks","USD","$5.99","","","","","","$8.91","$0.00","$14.90","1","9","Completed","6/27/2025","USD","PayPal (Onsite)","","9400136106193352806661","USA, New Jersey","","","","","","","","","","","","","","",
"","","","","","","","","","","","","","","","","","","","","","","1","6/18/2025","New","White Hips and Legs with Tan Sash and Knee Wrap, Robe Ends with Medium Azure Trim Pattern ","9","$0.99","$8.91","Part","970c00pb1314","1.21","300083938",""
"28632468","6/18/2025","MidwestBrick","USD","$4.99","","","","","","$9.27","$0.00","$14.26","4","32","Completed","6/27/2025","USD","PayPal (Onsite)","","9400150105501021274913","USA, Wisconsin","","","","","","","","","","","","","","",
"","","","","","","","","","","","","","","","","","","","","","","1","6/18/2025","New","Albus Dumbledore - Dark Red Robe, Light Bluish Gray Hair ","2","$3.49","$6.98","Minifigure","hp147","4.2","333539220",""
"","","","","","","","","","","","","","","","","","","","","","","1","6/18/2025","New","Light Bluish Gray Dish 2 x 2 Inverted (Radar) ","10","$0.035","$0.35","Part","4740","0.28","117306695",""
"","","","","","","","","","","","","","","","","","","","","","","1","6/18/2025","New","Medium Nougat Torso Female Jacket Open with 3 Buttons over Sand Blue Shirt, Yellow Neck Pattern / Medium Nougat Arms / Yellow Hands ","2","$0.744","$1.488","Part","973pb3164c01","1.31","186478086",""
"","","","","","","","","","","","","","","","","","","","","","","1","6/18/2025","New","Trans-Clear Slope 30 1 x 1 x 2/3 ","18","$0.025","$0.45","Part","54200","0.21","308750973",""
"28632461","6/18/2025","jbucy","USD","$5.25","","$1.00","","","","$6.79","$0.00","$13.04","3","16","Completed","6/27/2025","USD","PayPal (Onsite)","","9400136106193352956991","USA, Ohio","","","","","","","","","","","","","","",
"","","","","","","","","","","","","","","","","","","","","","","1","6/18/2025","New","Black Minifigure, Utensil Camera Handheld Style with Extended Bar Handle ","3","$0.09","$0.27","Part","30089b","0.44","452236372",""
"","","","","","","","","","","","","","","","","","","","","","","1","6/18/2025","New","Medium Nougat Torso Female Jacket Open with 3 Buttons over Sand Blue Shirt, Yellow Neck Pattern / Medium Nougat Arms / Yellow Hands ","5","$1.16","$5.80","Part","973pb3164c01","1.31","432112218",""
"","","","","","","","","","","","","","","","","","","","","","","1","6/18/2025","New","Trans-Light Blue Wave Angular Single with Bar End &#40;Lightning Bolt&#41; ","8","$0.09","$0.72","Part","27256","0.2","408118089",""
"28632456","6/18/2025","Adam8215","USD","$7.59","","","","","","$5.00","$0.00","$12.59","1","1","Completed","6/29/2025","USD","PayPal (Onsite)","","","USA, California","","","","","","","","","","","","","","",
"","","","","","","","","","","","","","","","","","","","","","","1","6/18/2025","New","Mummy - NON-Glow In Dark Pattern ","1","$5.00","$5.00","Minifigure","mof001a","3","419446788",""
"28632446","6/18/2025","FLUSH2020","USD","$5.49","","$3.00","","","","$5.00","$0.00","$13.49","4","14","Completed","6/27/2025","USD","PayPal (Onsite)","","","USA, New Jersey","","","","","","","","","","","","","","",
"","","","","","","","","","","","","","","","","","","","","","","1","6/18/2025","New","Black Minifigure, Utensil Camera Handheld Style with Extended Bar Handle ","2","$0.0935","$0.187","Part","30089b","0.44","348354237",""
"","","","","","","","","","","","","","","","","","","","","","","1","6/18/2025","New","Light Bluish Gray Minifigure, Utensil Tool Sledgehammer &#40;Mjolnir, Hammer&#41; ","5","$0.1785","$0.8925","Part","75904","0.64","440705332",""
"","","","","","","","","","","","","","","","","","","","","","","1","6/18/2025","New","Medium Nougat Torso Female Jacket Open with 3 Buttons over Sand Blue Shirt, Yellow Neck Pattern / Medium Nougat Arms / Yellow Hands ","3","$0.9435","$2.8305","Part","973pb3164c01","1.31","377741189",""
"","","","","","","","","","","","","","","","","","","","","","","1","6/18/2025","New","Reddish Brown Minifigure, Utensil Bag Messenger Pouch ","4","$0.272","$1.088","Part","61976","0.25","350492112",""
"28632439","6/18/2025","fabrick8er","USD","$5.00","","","","","","$3.29","$0.00","$8.29","5","26","Completed","6/27/2025","USD","PayPal (Onsite)","","9400150105501022178531","USA, California","","","","","","","","","","","","","","",
"","","","","","","","","","","","","","","","","","","","","","","1","6/18/2025","New","Black Bar   1L with Clip Mechanical Claw - Cut Edges and Hole on Side ","10","$0.027","$0.27","Part","48729b","0.17","175398534",""
"","","","","","","","","","","","","","","","","","","","","","","1","6/18/2025","New","Light Bluish Gray Brick, Round 2 x 2 Dome Top ","7","$0.063","$0.441","Part","553","0.83","238684176",""
"","","","","","","","","","","","","","","","","","","","","","","1","6/18/2025","New","Light Bluish Gray Minifigure, Utensil Tool Sledgehammer &#40;Mjolnir, Hammer&#41; ","5","$0.18","$0.90","Part","75904","0.64","267158395",""
"","","","","","","","","","","","","","","","","","","","","","","1","6/18/2025","New","Medium Nougat Torso Female Jacket Open with 3 Buttons over Sand Blue Shirt, Yellow Neck Pattern / Medium Nougat Arms / Yellow Hands ","2","$0.81","$1.62","Part","973pb3164c01","1.31","228677045",""
"","","","","","","","","","","","","","","","","","","","","","","1","6/18/2025","New","Trans-Clear Slope 30 1 x 1 x 2/3 ","2","$0.0288","$0.0576","Part","54200","0.21","107818205",""
"28632436","6/18/2025","Deciphured","USD","$10.00","","$3.04","","","","$6.90","$0.00","$19.94","8","67","Completed","6/27/2025","USD","PayPal (Onsite)","","","USA, Illinois","","","","","","","","","","","","","","",
"","","","","","","","","","","","","","","","","","","","","","","1","6/18/2025","New","Black Minifigure, Utensil Camera Handheld Style with Extended Bar Handle ","1","$0.05","$0.05","Part","30089b","0.44","476445587",""
"","","","","","","","","","","","","","","","","","","","","","","1","6/18/2025","New","Black Minifigure, Weapon Gun, Blaster SW Small with Scope ","10","$0.11","$1.10","Part","92738","0.23","415891779",""
"","","","","","","","","","","","","","","","","","","","","","","1","6/18/2025","New","Black Plate 1 x 2 ","20","$0.04","$0.80","Part","3023","0.36","474186835",""
"","","","","","","","","","","","","","","","","","","","","","","1","6/18/2025","New","Dark Brown Minifigure, Weapon Lightsaber Hilt Straight ","10","$0.05","$0.50","Part","64567","0.19","415891812",""
"","","","","","","","","","","","","","","","","","","","","","","1","6/18/2025","New","Flat Silver Minifigure, Weapon Pike / Spear - Handle with Flat End ","10","$0.12","$1.20","Part","93789","0.4","439955537",""
"","","","","","","","","","","","","","","","","","","","","","","1","6/18/2025","New","Light Bluish Gray Brick, Round 2 x 2 Dome Top ","3","$0.05","$0.15","Part","553","0.83","457323758",""
"","","","","","","","","","","","","","","","","","","","","","","1","6/18/2025","New","Light Bluish Gray Tile, Round 1 x 1 with Bar and Pin Holder ","10","$0.04","$0.40","Part","20482","0.16","415891857",""
"","","","","","","","","","","","","","","","","","","","","","","1","6/18/2025","New","Medium Nougat Torso Female Jacket Open with 3 Buttons over Sand Blue Shirt, Yellow Neck Pattern / Medium Nougat Arms / Yellow Hands ","3","$0.90","$2.70","Part","973pb3164c01","1.31","439344535",""
"28632420","6/18/2025","cvillebricks","USD","$5.00","","","","","","$79.30","$0.00","$84.30","12","123","Completed","6/27/2025","USD","PayPal (Onsite)","","9400150105501018932338","USA, Florida","","","","","","","","","","","","","","",
"","","","","","","","","","","","","","","","","","","","","","","1","6/18/2025","New","Golden Minifigure Key Chain &#40;Chrome Gold&#41; ","1","$6.00","$6.00","Gear","852688","11","476567734",""
"","","","","","","","","","","","","","","","","","","","","","","1","6/18/2025","New","The Mandalorian / Din Djarin / 'Mando' - Silver Beskar Armor, Cape ","10","$5.76","$57.60","Minifigure","sw1135","3.78","232473405",""
"","","","","","","","","","","","","","","","","","","","","","","1","6/18/2025","New","Black Brick, Round  1 x 1 ","20","$0.0522","$1.044","Part","3062","0.28","303383158",""
"","","","","","","","","","","","","","","","","","","","","","","1","6/18/2025","New","Black Minifigure, Utensil Camera Handheld Style with Extended Bar Handle ","14","$0.075","$1.05","Part","30089b","0.44","445994207",""
"","","","","","","","","","","","","","","","","","","","","","","1","6/18/2025","New","Dark Tan Minifigure, Utensil Wand, 2 on Sprue ","10","$0.0819","$0.819","Part","36752","0.24","183511390",""
"","","","","","","","","","","","","","","","","","","","","","","1","6/18/2025","New","Medium Azure Minifigure, Weapon Sword, Shamshir / Katana &#40;Square Guard&#41; with Capped Pommel and Holes in Crossguard and Blade ","10","$0.1089","$1.089","Part","21459","0.21","242480803",""
"","","","","","","","","","","","","","","","","","","","","","","1","6/18/2025","New","Pearl Gold Minifigure, Weapon Sword, Shamshir / Katana &#40;Square Guard&#41; with Capped Pommel and Holes in Crossguard and Blade ","20","$0.0416","$0.832","Part","21459","0.21","175672232",""
"","","","","","","","","","","","","","","","","","","","","","","1","6/18/2025","New","Reddish Brown Minifigure, Utensil Bag Messenger Pouch ","13","$0.2448","$3.1824","Part","61976","0.25","193693004",""
"","","","","","","","","","","","","","","","","","","","","","","1","6/18/2025","New","Sand Blue Hips  and Legs Plain ","1","$0.6374","$0.6374","Part","970c00","1.18","480013652",""
"","","","","","","","","","","","","","","","","","","","","","","1","6/18/2025","New","Trans-Light Blue Plate, Round 1 x 1 with Open Stud ","2","$0.0378","$0.0756","Part","85861","0.1","179816631",""
"","","","","","","","","","","","","","","","","","","","","","","1","6/18/2025","New","Trans-Light Blue Wave Angular Single with Bar End &#40;Lightning Bolt&#41; ","2","$0.0757","$0.1514","Part","27256","0.2","345617398",""
"","","","","","","","","","","","","","","","","","","","","","","1","6/18/2025","New","Yellow Minifigure, Head Dual Sided Female Reddish Brown Eyebrows, Nougat Freckles and Lips, Small Smirk / Left Eye Squinted Pattern ","20","$0.3411","$6.822","Part","3626pb2145","0.55","226611021",""
"28632416","6/18/2025","mikebrizzee","USD","$5.15","","","","","","$2.25","$0.00","$7.40","2","3","Completed","7/7/2025","USD","PayPal (Onsite)","","9400150206217139211181","USA, Texas","","","","","","","","","","","","","","",
"","","","","","","","","","","","","","","","","","","","","","","1","6/18/2025","New","White Hips and Legs with Tan Sash and Knee Wrap, Robe Ends with Medium Azure Trim Pattern ","1","$0.551","$0.551","Part","970c00pb1314","1.21","306747059",""
"","","","","","","","","","","","","","","","","","","","","","","1","6/18/2025","New","White Torso Tunic, Flat Silver Robot Chest, Medium Azure Diamond Trim and Core Logo on Back Pattern / Flat Silver Arms / Dark Bluish Gray Hands ","2","$0.848","$1.696","Part","973pb4547c01","1.32","306747062",""
"28632412","6/18/2025","Brixalotl","USD","$4.85","","","","","","$24.70","$0.00","$29.55","4","46","Completed","6/27/2025","USD","PayPal (Onsite)","","9400136106193352678718","USA, Pennsylvania","","","","","","","","","","","","","","",
"","","","","","","","","","","","","","","","","","","","","","","1","6/18/2025","New","Dark Brown Minifigure, Hair Female Ponytail Long French Braided ","10","$0.72","$7.20","Part","88286","0.81","480206716",""
"","","","","","","","","","","","","","","","","","","","","","","1","6/18/2025","New","Pearl Dark Gray Minifigure Armor Shoulder Pad with Debossed Shuriken Throwing Star and Scabbard for 1 Katana ","10","$0.42","$4.20","Part","41162","0.3","449462013",""
"","","","","","","","","","","","","","","","","","","","","","","1","6/18/2025","New","Sand Blue Hips  and Legs Plain ","16","$0.65","$10.40","Part","970c00","1.18","480403699",""
"","","","","","","","","","","","","","","","","","","","","","","1","6/18/2025","New","Trans-Dark Pink Minifigure, Weapon Sword, Shamshir / Katana &#40;Square Guard&#41; with Capped Pommel and Holes in Crossguard and Blade ","10","$0.29","$2.90","Part","21459","0.21","449308999",""
"28632407","6/18/2025","bigasbricks","USD","$5.00","","","","","","$129.50","$0.00","$134.50","5","50","Completed","6/27/2025","USD","PayPal (Onsite)","","9400150206217134726161","USA, Michigan","","","","","","","","","","","","","","",
"","","","","","","","","","","","","","","","","","","","","","","1","6/18/2025","New","Kai - Legacy, Rebooted Robe ","10","$3.25","$32.50","Minifigure","njo0630","4.06","233571783",""
"","","","","","","","","","","","","","","","","","","","","","","1","6/18/2025","New","col19 Rugby Player, Series 19 &#40;Complete Set with Stand and Accessories&#41; Opened to verify contents. Resealed in Ziploc bag. No original foil wrapper.","10","$5.00","$50.00","Set","col19-13","9.54","181042711","Complete"
"","","","","","","","","","","","","","","","","","","","","","","1","6/18/2025","New","Thor - Spongy Cape, Pearl Dark Gray Legs ","10","$3.95","$39.50","Minifigure","sh0623","3.77","198870134",""
"","","","","","","","","","","","","","","","","","","","","","","1","6/18/2025","New","Flat Silver Minifigure, Head Alien Robot with Black Eyebrows, Metallic Light Blue Eyes, Cheek Lines, Angry Bared Teeth, Vents and Silver Circle on Back Pattern ","10","$0.35","$3.50","Part","3626pb2029","0.55","314246726",""
"","","","","","","","","","","","","","","","","","","","","","","1","6/18/2025","New","White Minifigure, Headgear Ninjago Wrap Type 4 with Molded Medium Azure Headband  Pattern ","10","$0.40","$4.00","Part","40925pb17","0.86","314246728",""
"28632406","6/18/2025","bbb_brick_store","USD","$5.50","","","","","","$37.66","$0.00","$43.16","2","9","Completed","6/27/2025","USD","PayPal (Onsite)","","9400136106193353156130","USA, Ohio","","","","","","","","","","","","","","",
"","","","","","","","","","","","","","","","","","","","","","","1","6/18/2025","New","Medium Nougat Torso Female Jacket Open with 3 Buttons over Sand Blue Shirt, Yellow Neck Pattern / Medium Nougat Arms / Yellow Hands ","5","$4.94","$24.70","Part","973pb3164c01","1.31","330628237",""
"","","","","","","","","","","","","","","","","","","","","","","1","6/18/2025","New","White Torso Tunic, Flat Silver Robot Chest, Medium Azure Diamond Trim and Core Logo on Back Pattern / Flat Silver Arms / Dark Bluish Gray Hands ","4","$3.24","$12.96","Part","973pb4547c01","1.32","301243615",""
"28494943","6/1/2025","TBD_BRICKS","USD","$5.00","","","","","","$25.00","$0.00","$30.00","1","1","Completed","6/9/2025","USD","PayPal (Onsite)","","9400111206217829620348","USA, Florida","","","","","","","","","","","","","","",
"","","","","","","","","","","","","","","","","","","","","","","1","6/1/2025","New","911719 Kanan Jarrus foil pack ","1","$25.00","$25.00","Set","911719-1","5.5","478566450","Sealed"
"28488554","5/31/2025","TBD_BRICKS","USD","$5.00","","","","","","$125.00","$0.00","$130.00","1","5","Completed","6/9/2025","USD","PayPal (Onsite)","","9400111206217829620348","USA, Florida","","","","","","","","","","","","","","",
"","","","","","","","","","","","","","","","","","","","","","","1","5/31/2025","New","911719 Kanan Jarrus foil pack ","5","$25.00","$125.00","Set","911719-1","5.5","417013625","Sealed"
"28488551","5/31/2025","TedNFlitsBricks","USD","$4.95","","","","","","$40.36","$0.00","$45.31","12","55","Completed","7/23/2025","USD","PayPal (Onsite)","","9400111206217824556192","USA, Wisconsin","","","","","","","","","","","","","","",
"","","","","","","","","","","","","","","","","","","","","","","1","5/31/2025","New","Olaf - Mini Doll Body, Medium Blue Mouth ","5","$3.59","$17.95","Minifigure","dp138","2.87","463230338",""
"","","","","","","","","","","","","","","","","","","","","","","1","5/31/2025","New","col19 Rugby Player, Series 19 &#40;Complete Set with Stand and Accessories&#41; Opened to Verify Contents and then put directly back into orignal packaging and resealed","5","$3.92","$19.60","Set","col19-13","9.54","394162916",""
"","","","","","","","","","","","","","","","","","","","","","","1","5/31/2025","New","Black Brick, Round  1 x 1 ","5","$0.05","$0.25","Part","3062","0.28","388209164",""
"","","","","","","","","","","","","","","","","","","","","","","1","5/31/2025","New","Black Minifigure, Utensil Camera Handheld Style with Extended Bar Handle ","5","$0.06","$0.30","Part","30089b","0.44","388211973",""
"","","","","","","","","","","","","","","","","","","","","","","1","5/31/2025","New","Flat Silver Minifigure, Weapon Shuriken Throwing Star with Textured Grips, 2 on Sprue ","5","$0.06","$0.30","Part","19807","0.35","388214553",""
"","","","","","","","","","","","","","","","","","","","","","","1","5/31/2025","New","Flat Silver Minifigure, Weapon Sword, Saber / Dao Curved Blade and Hilt with Bar End ","5","$0.17","$0.85","Part","25111","0.23","455949597",""
"","","","","","","","","","","","","","","","","","","","","","","1","5/31/2025","New","Light Bluish Gray Plate, Round 2 x 2 Thin with Wheel Holder ","8","$0.02","$0.16","Part","2655","0.43","388211304",""
"","","","","","","","","","","","","","","","","","","","","","","1","5/31/2025","New","Trans-Clear Rock 1 x 1 Jewel 24 Facet ","1","$0.07","$0.07","Part","30153","0.22","464701670",""
"","","","","","","","","","","","","","","","","","","","","","","1","5/31/2025","New","Trans-Dark Blue Rock 1 x 1 Jewel 24 Facet ","5","$0.06","$0.30","Part","30153","0.22","388209529",""
"","","","","","","","","","","","","","","","","","","","","","","1","5/31/2025","New","Trans-Dark Pink Rock 1 x 1 Jewel 24 Facet ","5","$0.05","$0.25","Part","30153","0.22","388215300",""
"","","","","","","","","","","","","","","","","","","","","","","1","5/31/2025","New","Trans-Red Rock 1 x 1 Jewel 24 Facet ","1","$0.03","$0.03","Part","30153","0.22","392334435",""
"","","","","","","","","","","","","","","","","","","","","","","1","5/31/2025","New","Yellow Minifigure, Utensil Flotation Ring &#40;Life Preserver&#41; ","5","$0.06","$0.30","Part","30340","0.54","388213027",""
"28488545","5/31/2025","BrickFanatic72","USD","$4.29","","","","","","$26.93","$0.00","$31.22","9","38","Completed","6/9/2025","USD","PayPal (Onsite)","","9400136106193330823369","USA, North Carolina","","","","","","","","","","","","","","",
"","","","","","","","","","","","","","","","","","","","","","","1","5/31/2025","New","Kai - Legacy, Rebooted Robe ","2","$2.4262","$4.8524","Minifigure","njo0630","4.06","423721326",""
"","","","","","","","","","","","","","","","","","","","","","","1","5/31/2025","New","Wither Skeleton - Straight Arms ","5","$3.7576","$18.788","Minifigure","min025","2.67","432615041",""
"","","","","","","","","","","","","","","","","","","","","","","1","5/31/2025","New","Blue Slope 30 1 x 1 x 2/3 ","7","$0.0313","$0.2191","Part","54200","0.21","401196834",""
"","","","","","","","","","","","","","","","","","","","","","","1","5/31/2025","New","Dark Bluish Gray Minifigure, Weapon Sword Pixelated &#40;Minecraft&#41; ","5","$0.4289","$2.1445","Part","18787","0.33","432615083",""
"","","","","","","","","","","","","","","","","","","","","","","1","5/31/2025","New","Trans-Clear Rock 1 x 1 Jewel 24 Facet ","4","$0.0696","$0.2784","Part","30153","0.22","468789451",""
"","","","","","","","","","","","","","","","","","","","","","","1","5/31/2025","New","Trans-Clear Tile, Round 1 x 1 ","5","$0.027","$0.135","Part","98138","0.11","401199569",""
"","","","","","","","","","","","","","","","","","","","","","","1","5/31/2025","New","Trans-Green Rock 1 x 1 Jewel 24 Facet ","3","$0.0827","$0.2481","Part","30153","0.22","404549256",""
"","","","","","","","","","","","","","","","","","","","","","","1","5/31/2025","New","Trans-Light Blue Rock 1 x 1 Jewel 24 Facet ","5","$0.0426","$0.213","Part","30153","0.22","468789453",""
"","","","","","","","","","","","","","","","","","","","","","","1","5/31/2025","New","Trans-Red Rock 1 x 1 Jewel 24 Facet ","2","$0.0278","$0.0556","Part","30153","0.22","455867594",""
"28488538","5/31/2025","MAKsToys","USD","$5.25","","","","","","$43.92","$0.00","$49.17","2","8","Completed","6/10/2025","USD","PayPal (Onsite)","","9400111206217828937546","USA, West Virginia","","","","","","","","","","","","","","",
"","","","","","","","","","","","","","","","","","","","","","","1","5/31/2025","New","Clone Trooper Commander &#40;Phase 1&#41; - Bright Light Orange Arms, Nougat Head Comes with medium black blaster.","5","$6.99","$34.95","Minifigure","sw1146","4","316798882",""
"","","","","","","","","","","","","","","","","","","","","","","1","5/31/2025","New","Kai - Legacy, Rebooted Robe ","3","$2.99","$8.97","Minifigure","njo0630","4.06","259377668",""
"28488529","5/31/2025","LifeInPieces","USD","$5.85","","","","","","$20.40","$0.00","$26.25","2","6","Completed","6/10/2025","USD","PayPal (Onsite)","","9400136106193334938366","USA, New York","","","","","","","","","","","","","","",
"","","","","","","","","","","","","","","","","","","","","","","1","5/31/2025","New","Lloyd - Legacy, Sons of Garmadon Robe Never Assembled","5","$3.994","$19.97","Minifigure","njo0514","3.8","312183132",""
"","","","","","","","","","","","","","","","","","","","","","","1","5/31/2025","New","Black Minifigure, Weapon Gun, Blaster SW Standard ","1","$0.434","$0.434","Part","58247","0.34","201417889",""
"28488525","5/31/2025","recordmogul","USD","$4.75","","","","","","$29.97","$0.00","$34.72","1","5","Completed","6/9/2025","USD","PayPal (Onsite)","","9400111206217824890173","USA, California","","","","","","","","","","","","","","",
"","","","","","","","","","","","","","","","","","","","","","","1","5/31/2025","New","Zane - Legacy ","5","$5.994","$29.97","Minifigure","njo0494","3.88","162962311",""
"28488523","5/31/2025","BrickVibe","USD","$4.39","","$1.50","","","","$38.12","$0.00","$44.01","3","14","Completed","6/10/2025","USD","PayPal (Onsite)","","9300110571812632361294 ","USA, Wisconsin","","","","","","","","","","","","","","",
"","","","","","","","","","","","","","","","","","","","","","","1","5/31/2025","New","Baby - White Body with Yellow Hands, Head with Neck no neck","5","$4.344","$21.72","Minifigure","njo0446","0.68","462541671",""
"","","","","","","","","","","","","","","","","","","","","","","1","5/31/2025","New","Nature Photographer - Female, Medium Nougat Jacket, Sand Blue Legs, Dark Brown Hair Ponytail Long French Braided ","4","$3.994","$15.976","Minifigure","cty0921","4.05","464207773",""
"","","","","","","","","","","","","","","","","","","","","","","1","5/31/2025","Used","Blue Bracket 3 x 2 - 2 x 2 Inverted &#40;Space Seat&#41; ","5","$0.084","$0.42","Part","4598","1.87","470784062",""
"28488513","5/31/2025","BlainesWorld","USD","$4.50","","$0.85","","","","$42.67","$0.00","$48.02","9","57","Completed","6/9/2025","USD","PayPal (Onsite)","","9400136106193330765935","USA, Florida","","","","","","","","","","","","","","",
"","","","","","","","","","","","","","","","","","","","","","","1","5/31/2025","New","Ahsoka Tano &#40;Adult&#41; - Dark Blue Jumpsuit ","5","$7.85","$39.25","Minifigure","sw1096","4.7","477774981",""
"","","","","","","","","","","","","","","","","","","","","","","1","5/31/2025","New","Black Plate 1 x 2 ","5","$0.04","$0.20","Part","3023","0.36","475334466",""
"","","","","","","","","","","","","","","","","","","","","","","1","5/31/2025","New","Blue Plate, Modified 1 x 2 with Bar Handle on Side - Closed Ends ","5","$0.0297","$0.1485","Part","48336","0.54","162289717",""
"","","","","","","","","","","","","","","","","","","","","","","1","5/31/2025","New","Blue Slope 30 1 x 2 x 2/3 ","5","$0.0297","$0.1485","Part","85984","0.35","218773933",""
"","","","","","","","","","","","","","","","","","","","","","","1","5/31/2025","New","Light Bluish Gray Plate, Round 2 x 2 Thin with Wheel Holder ","2","$0.0198","$0.0396","Part","2655","0.43","138275605",""
"","","","","","","","","","","","","","","","","","","","","","","1","5/31/2025","New","Metallic Silver Minifigure, Weapon Lightsaber Hilt Straight ","10","$0.13","$1.30","Part","64567","0.19","477892880",""
"","","","","","","","","","","","","","","","","","","","","","","1","5/31/2025","New","Pearl Gold Minifigure, Weapon Sword, Shamshir / Katana &#40;Square Guard&#41; with Capped Pommel and Holes in Crossguard and Blade ","10","$0.0297","$0.297","Part","21459","0.21","289695422",""
"","","","","","","","","","","","","","","","","","","","","","","1","5/31/2025","New","Reddish Brown Minifigure, Utensil Bag Messenger Pouch ","5","$0.1782","$0.891","Part","61976","0.25","452822640",""
"","","","","","","","","","","","","","","","","","","","","","","1","5/31/2025","New","Trans-Light Blue Bar   4L &#40;Lightsaber Blade / Wand&#41; ","10","$0.0396","$0.396","Part","30374","0.3","144595414",""
"28488495","5/31/2025","Aquabot","USD","$5.15","","$1.00","","","","$26.09","$0.00","$32.24","9","39","Completed","6/9/2025","USD","PayPal (Onsite)","","9400136106193331121679","USA, Texas","","","","","","","","","","","","","","",
"","","","","","","","","","","","","","","","","","","","","","","1","5/31/2025","New","Nature Photographer - Female, Medium Nougat Jacket, Sand Blue Legs, Dark Brown Hair Ponytail Long French Braided ","1","$3.13","$3.13","Minifigure","cty0921","4.05","467758415",""
"","","","","","","","","","","","","","","","","","","","","","","1","5/31/2025","New","Outrider - Extended Claws ","7","$2.94","$20.58","Minifigure","sh0561","5.98","467759541",""
"","","","","","","","","","","","","","","","","","","","","","","1","5/31/2025","New","Black Minifigure, Weapon Gun, Blaster SW Standard ","4","$0.34","$1.36","Part","58247","0.34","467743087",""
"","","","","","","","","","","","","","","","","","","","","","","1","5/31/2025","New","Black Wheel Skateboard / Trolley ","10","$0.0296","$0.296","Part","2496","0.3","467722196",""
"","","","","","","","","","","","","","","","","","","","","","","1","5/31/2025","New","Blue Slope 30 1 x 1 x 2/3 ","3","$0.0296","$0.0888","Part","54200","0.21","477319324",""
"","","","","","","","","","","","","","","","","","","","","","","1","5/31/2025","New","Trans-Clear Slope 30 1 x 1 x 2/3 ","5","$0.0296","$0.148","Part","54200","0.21","475141459",""
"","","","","","","","","","","","","","","","","","","","","","","1","5/31/2025","New","Trans-Green Rock 1 x 1 Jewel 24 Facet ","2","$0.0814","$0.1628","Part","30153","0.22","477319298",""
"","","","","","","","","","","","","","","","","","","","","","","1","5/31/2025","New","Trans-Red Rock 1 x 1 Jewel 24 Facet ","2","$0.0148","$0.0296","Part","30153","0.22","477319236",""
"","","","","","","","","","","","","","","","","","","","","","","1","5/31/2025","New","Trans-Yellow Rock 1 x 1 Jewel 24 Facet ","5","$0.0592","$0.296","Part","30153","0.22","467740917",""
"28488487","5/31/2025","2LC_Warehouse","USD","$5.49","","","","","","$54.45","$0.00","$59.94","1","5","Completed","6/9/2025","USD","PayPal (Onsite)","","","USA, Maryland","","","","","","","","","","","","","","",
"","","","","","","","","","","","","","","","","","","","","","","1","5/31/2025","New","Sonic the Hedgehog - Light Nougat Face and Arms, Grin to Right Unassembled","5","$10.89","$54.45","Minifigure","idea104","6","436814211",""
